filename,basename,toolid,toolmode,parser_version,runid,start,duration,exit_code,findings,infos,errors,fails
/home/shuo/repo/cgt/runtime/timestamp_dependency/t/0390b6a872b3c180809e53017f08558b.rt.hex,0390b6a872b3c180809e53017f08558b.rt.hex,oyente,runtime,2023/02/27,20240825_0521,1724563320.845903,8.027288675308228,0,{},{},{},{}
/home/shuo/repo/cgt/runtime/timestamp_dependency/t/0508ed23a21ba520c5670b855af729a0.rt.hex,0508ed23a21ba520c5670b855af729a0.rt.hex,oyente,runtime,2023/02/27,20240825_0521,1724563319.9096944,105.52374148368835,1,"{Timestamp_Dependency,Transaction_Ordering_Dependence_TOD}",{},{},{}
/home/shuo/repo/cgt/runtime/timestamp_dependency/t/05c8b3a5d12cf138b50f988c6bff75fe.rt.hex,05c8b3a5d12cf138b50f988c6bff75fe.rt.hex,oyente,runtime,2023/02/27,20240825_0521,1724563327.632232,5.806348085403442,139,{},{analysis incomplete},{},{DOCKER_SEGV}
/home/shuo/repo/cgt/runtime/timestamp_dependency/t/0b6e21275c9e97f3b0b3ab602a071b75.rt.hex,0b6e21275c9e97f3b0b3ab602a071b75.rt.hex,oyente,runtime,2023/02/27,20240825_0521,1724563320.893336,25.03480291366577,1,"{Timestamp_Dependency,Transaction_Ordering_Dependence_TOD}",{},{},{}
/home/shuo/repo/cgt/runtime/timestamp_dependency/t/0c311ecb0be30f8031aa8e7479f87e83.rt.hex,0c311ecb0be30f8031aa8e7479f87e83.rt.hex,oyente,runtime,2023/02/27,20240825_0521,1724563319.7690392,13.941380739212036,0,{},{},{},{}
/home/shuo/repo/cgt/runtime/timestamp_dependency/t/0f3735e82880337347b87e5f61883811.rt.hex,0f3735e82880337347b87e5f61883811.rt.hex,oyente,runtime,2023/02/27,20240825_0521,1724563325.6976507,12.924440383911133,1,"{Timestamp_Dependency,Transaction_Ordering_Dependence_TOD}",{},{},{}
/home/shuo/repo/cgt/runtime/timestamp_dependency/t/118028fdcec0fd6c1fe2e01061a464c1.rt.hex,118028fdcec0fd6c1fe2e01061a464c1.rt.hex,oyente,runtime,2023/02/27,20240825_0521,1724563346.178814,4.611539125442505,1,{Timestamp_Dependency},{},{},{}
/home/shuo/repo/cgt/runtime/timestamp_dependency/t/13c9f444acaa8b03fd6a508e82c6d001.rt.hex,13c9f444acaa8b03fd6a508e82c6d001.rt.hex,oyente,runtime,2023/02/27,20240825_0521,1724563320.8811038,36.834845542907715,1,"{Timestamp_Dependency,Transaction_Ordering_Dependence_TOD}",{},{},{}
/home/shuo/repo/cgt/runtime/timestamp_dependency/t/161cc8e58fd4c195754b40037aff2843.rt.hex,161cc8e58fd4c195754b40037aff2843.rt.hex,oyente,runtime,2023/02/27,20240825_0521,1724563320.8851995,6.746290922164917,0,{},{},{},{}
/home/shuo/repo/cgt/runtime/timestamp_dependency/t/16e453874b9688f7cd9665572294627e.rt.hex,16e453874b9688f7cd9665572294627e.rt.hex,oyente,runtime,2023/02/27,20240825_0521,1724563350.6893554,7.479137897491455,0,{},{},{},{}
/home/shuo/repo/cgt/runtime/timestamp_dependency/t/18c475ccfdf501e023d821a1b59571a7.rt.hex,18c475ccfdf501e023d821a1b59571a7.rt.hex,oyente,runtime,2023/02/27,20240825_0521,1724563350.4769447,29.292857885360718,1,"{Timestamp_Dependency,Transaction_Ordering_Dependence_TOD}",{},{},{}
/home/shuo/repo/cgt/runtime/timestamp_dependency/t/1b9b35951d097592bddc68f80c6cda14.rt.hex,1b9b35951d097592bddc68f80c6cda14.rt.hex,oyente,runtime,2023/02/27,20240825_0521,1724563320.873517,30.53663182258606,1,"{Timestamp_Dependency,Transaction_Ordering_Dependence_TOD}",{},{},{}
/home/shuo/repo/cgt/runtime/timestamp_dependency/t/1bed07ab60035866d8aac5a2c1a7fc67.rt.hex,1bed07ab60035866d8aac5a2c1a7fc67.rt.hex,oyente,runtime,2023/02/27,20240825_0521,1724563334.5204175,11.763474225997925,1,{Transaction_Ordering_Dependence_TOD},{},{},{}
/home/shuo/repo/cgt/runtime/timestamp_dependency/t/1e27d5e133a912a9077dbc6cdeee57b8.rt.hex,1e27d5e133a912a9077dbc6cdeee57b8.rt.hex,oyente,runtime,2023/02/27,20240825_0521,1724563351.6096888,5.512160301208496,1,"{Timestamp_Dependency,Transaction_Ordering_Dependence_TOD}",{},{},{}
/home/shuo/repo/cgt/runtime/timestamp_dependency/t/20e66093eb2cc88af7aeb3d45312729a.rt.hex,20e66093eb2cc88af7aeb3d45312729a.rt.hex,oyente,runtime,2023/02/27,20240825_0521,1724563320.883168,10.88986849784851,1,"{Timestamp_Dependency,Transaction_Ordering_Dependence_TOD}",{},{},{}
/home/shuo/repo/cgt/runtime/timestamp_dependency/t/2215efa538c8a92029f347f4c70aa339.rt.hex,2215efa538c8a92029f347f4c70aa339.rt.hex,oyente,runtime,2023/02/27,20240825_0521,1724563320.7582119,19.555087327957153,1,{Timestamp_Dependency},{},{},{}
/home/shuo/repo/cgt/runtime/timestamp_dependency/t/222b0760b36daa3b1c89ea2500bd1c41.rt.hex,222b0760b36daa3b1c89ea2500bd1c41.rt.hex,oyente,runtime,2023/02/27,20240825_0521,1724563340.000905,30.058829307556152,0,{},{},{},{}
/home/shuo/repo/cgt/runtime/timestamp_dependency/t/226a75b37ce550b4b40720e6b1a312e9.rt.hex,226a75b37ce550b4b40720e6b1a312e9.rt.hex,oyente,runtime,2023/02/27,20240825_0521,1724563320.6527812,7.09469747543335,1,"{Timestamp_Dependency,Transaction_Ordering_Dependence_TOD}",{},{},{}
/home/shuo/repo/cgt/runtime/timestamp_dependency/t/22903fa90dd46c8ab9038e9cbf9133a2.rt.hex,22903fa90dd46c8ab9038e9cbf9133a2.rt.hex,oyente,runtime,2023/02/27,20240825_0521,1724563320.8907986,9.52506422996521,1,{Timestamp_Dependency},{},{},{}
/home/shuo/repo/cgt/runtime/timestamp_dependency/t/27afe71d57154d14a995d43052ed60c1.rt.hex,27afe71d57154d14a995d43052ed60c1.rt.hex,oyente,runtime,2023/02/27,20240825_0521,1724563328.6495125,11.35004448890686,1,"{Timestamp_Dependency,Transaction_Ordering_Dependence_TOD}",{},{},{}
/home/shuo/repo/cgt/runtime/timestamp_dependency/t/2c4b9982e6bb67a0a2851937933e0cde.rt.hex,2c4b9982e6bb67a0a2851937933e0cde.rt.hex,oyente,runtime,2023/02/27,20240825_0521,1724563320.8471928,9.770280361175537,1,{Timestamp_Dependency},{},{},{}
/home/shuo/repo/cgt/runtime/timestamp_dependency/t/311d9805b28a58699e427d6429d20a9a.rt.hex,311d9805b28a58699e427d6429d20a9a.rt.hex,oyente,runtime,2023/02/27,20240825_0521,1724563327.7482316,13.803168296813965,1,{Timestamp_Dependency},{},{},{}
/home/shuo/repo/cgt/runtime/timestamp_dependency/t/32fe5b6a9bc08e810f86bf12f8d55e02.rt.hex,32fe5b6a9bc08e810f86bf12f8d55e02.rt.hex,oyente,runtime,2023/02/27,20240825_0521,1724563335.6334238,7.543776512145996,1,"{Timestamp_Dependency,Transaction_Ordering_Dependence_TOD}",{},{},{}
/home/shuo/repo/cgt/runtime/timestamp_dependency/t/33e057a71bc929fd84902bf50dd9705b.rt.hex,33e057a71bc929fd84902bf50dd9705b.rt.hex,oyente,runtime,2023/02/27,20240825_0521,1724563320.864661,19.771799564361572,1,"{Timestamp_Dependency,Transaction_Ordering_Dependence_TOD}",{},{},{}
/home/shuo/repo/cgt/runtime/timestamp_dependency/t/35f1c87a675043c910019d1ca62f6994.rt.hex,35f1c87a675043c910019d1ca62f6994.rt.hex,oyente,runtime,2023/02/27,20240825_0521,1724563341.289848,4.888299942016602,0,{},{},{},{}
/home/shuo/repo/cgt/runtime/timestamp_dependency/t/38b5059cde9e4d2d0a411ba07e4731c3.rt.hex,38b5059cde9e4d2d0a411ba07e4731c3.rt.hex,oyente,runtime,2023/02/27,20240825_0521,1724563350.251725,36.14553666114807,1,"{Re_Entrancy_Vulnerability,Timestamp_Dependency}",{},{},{}
/home/shuo/repo/cgt/runtime/timestamp_dependency/t/39f0cf126f26045e49c51ceed0de6a6f.rt.hex,39f0cf126f26045e49c51ceed0de6a6f.rt.hex,oyente,runtime,2023/02/27,20240825_0521,1724563339.6407638,18.274245262145996,1,"{Timestamp_Dependency,Transaction_Ordering_Dependence_TOD}",{},{},{}
/home/shuo/repo/cgt/runtime/timestamp_dependency/t/3b139fd1a05c589b5ba99dd382776ea3.rt.hex,3b139fd1a05c589b5ba99dd382776ea3.rt.hex,oyente,runtime,2023/02/27,20240825_0521,1724563328.7525787,6.654245138168335,0,{},{},{},{}
/home/shuo/repo/cgt/runtime/timestamp_dependency/t/3b5820e1529ed0da9d0028bcb67b705c.rt.hex,3b5820e1529ed0da9d0028bcb67b705c.rt.hex,oyente,runtime,2023/02/27,20240825_0521,1724563348.7601676,54.53141784667969,1,"{Timestamp_Dependency,Transaction_Ordering_Dependence_TOD}",{},{},{}
/home/shuo/repo/cgt/runtime/timestamp_dependency/t/3c6cc5270ebd288a1430828988cfa5a3.rt.hex,3c6cc5270ebd288a1430828988cfa5a3.rt.hex,oyente,runtime,2023/02/27,20240825_0521,1724563351.41081,3.3422467708587646,0,{},{},{},{}
/home/shuo/repo/cgt/runtime/timestamp_dependency/t/3d69dfefd809481842cac0408018e4fb.rt.hex,3d69dfefd809481842cac0408018e4fb.rt.hex,oyente,runtime,2023/02/27,20240825_0521,1724563340.4063547,48.74888586997986,1,"{Timestamp_Dependency,Transaction_Ordering_Dependence_TOD}",{},{},{}
/home/shuo/repo/cgt/runtime/timestamp_dependency/t/3fb765c30d2a58804ab6d8d61005985f.rt.hex,3fb765c30d2a58804ab6d8d61005985f.rt.hex,oyente,runtime,2023/02/27,20240825_0521,1724563320.8935723,7.6458399295806885,0,{},{},{},{}
/home/shuo/repo/cgt/runtime/timestamp_dependency/t/407442c977d5b8957b7eaa788c17dc67.rt.hex,407442c977d5b8957b7eaa788c17dc67.rt.hex,oyente,runtime,2023/02/27,20240825_0521,1724563331.9948356,29.209542989730835,0,{},{},{},{}
/home/shuo/repo/cgt/runtime/timestamp_dependency/t/40d23efb6fc6370585e332bc1500491d.rt.hex,40d23efb6fc6370585e332bc1500491d.rt.hex,oyente,runtime,2023/02/27,20240825_0521,1724563320.879239,20.19461703300476,1,{Timestamp_Dependency},{},{},{}
/home/shuo/repo/cgt/runtime/timestamp_dependency/t/41235d7b2389df978bf38223db459d4d.rt.hex,41235d7b2389df978bf38223db459d4d.rt.hex,oyente,runtime,2023/02/27,20240825_0521,1724563330.7261038,16.27984619140625,1,"{Timestamp_Dependency,Transaction_Ordering_Dependence_TOD}",{},{},{}
/home/shuo/repo/cgt/runtime/timestamp_dependency/t/41398e1544826d47cc69bd89adfd196c.rt.hex,41398e1544826d47cc69bd89adfd196c.rt.hex,oyente,runtime,2023/02/27,20240825_0521,1724563333.4396045,11.753815412521362,1,{Timestamp_Dependency},{},{},{}
/home/shuo/repo/cgt/runtime/timestamp_dependency/t/425617ad2942cd2c82a4bec859ef5995.rt.hex,425617ad2942cd2c82a4bec859ef5995.rt.hex,oyente,runtime,2023/02/27,20240825_0521,1724563345.092933,62.519625425338745,1,"{Timestamp_Dependency,Transaction_Ordering_Dependence_TOD}",{},{},{}
/home/shuo/repo/cgt/runtime/timestamp_dependency/t/43a92a0a7d8d29be024924735aacdf80.rt.hex,43a92a0a7d8d29be024924735aacdf80.rt.hex,oyente,runtime,2023/02/27,20240825_0521,1724563340.511126,113.1160056591034,0,{},{},{},{}
/home/shuo/repo/cgt/runtime/timestamp_dependency/t/43d4dd8cb2e9ce43704c512aa6f35493.rt.hex,43d4dd8cb2e9ce43704c512aa6f35493.rt.hex,oyente,runtime,2023/02/27,20240825_0521,1724563320.8848643,11.948787212371826,1,"{Timestamp_Dependency,Transaction_Ordering_Dependence_TOD}",{incomplete push instruction},{},{}
/home/shuo/repo/cgt/runtime/timestamp_dependency/t/44f562d977b27610049a550abfecfc2b.rt.hex,44f562d977b27610049a550abfecfc2b.rt.hex,oyente,runtime,2023/02/27,20240825_0521,1724563320.8804114,4.8161985874176025,0,{},{incomplete push instruction},{},{}
/home/shuo/repo/cgt/runtime/timestamp_dependency/t/4821ce0904429a5461e8d06b73c210e9.rt.hex,4821ce0904429a5461e8d06b73c210e9.rt.hex,oyente,runtime,2023/02/27,20240825_0521,1724563320.8901412,41.31031632423401,1,"{Timestamp_Dependency,Transaction_Ordering_Dependence_TOD}",{},{},{}
/home/shuo/repo/cgt/runtime/timestamp_dependency/t/498c65708fd747e977aa9f715ff98991.rt.hex,498c65708fd747e977aa9f715ff98991.rt.hex,oyente,runtime,2023/02/27,20240825_0521,1724563320.7514505,2.9345247745513916,1,{Timestamp_Dependency},{},{},{}
/home/shuo/repo/cgt/runtime/timestamp_dependency/t/4cd5e586bb549dd7130f09c5f4b03853.rt.hex,4cd5e586bb549dd7130f09c5f4b03853.rt.hex,oyente,runtime,2023/02/27,20240825_0521,1724563330.4166534,9.22331714630127,1,{Timestamp_Dependency},{},{},{}
/home/shuo/repo/cgt/runtime/timestamp_dependency/t/518f23f37567b7162fcf901535171b5c.rt.hex,518f23f37567b7162fcf901535171b5c.rt.hex,oyente,runtime,2023/02/27,20240825_0521,1724563320.8773353,6.627082586288452,1,{Timestamp_Dependency},{},{},{}
/home/shuo/repo/cgt/runtime/timestamp_dependency/t/51c491d8874a86d436a60d3eae388762.rt.hex,51c491d8874a86d436a60d3eae388762.rt.hex,oyente,runtime,2023/02/27,20240825_0521,1724563333.6126196,6.89757227897644,1,{Timestamp_Dependency},{},{},{}
/home/shuo/repo/cgt/runtime/timestamp_dependency/t/52b61357aa1e59c2548bddc2fc2134b1.rt.hex,52b61357aa1e59c2548bddc2fc2134b1.rt.hex,oyente,runtime,2023/02/27,20240825_0521,1724563341.1430864,15.24009394645691,0,{},{},{},{}
/home/shuo/repo/cgt/runtime/timestamp_dependency/t/53a55b7eb82a96b7fdaf625658f67eab.rt.hex,53a55b7eb82a96b7fdaf625658f67eab.rt.hex,oyente,runtime,2023/02/27,20240825_0521,1724563343.2862093,6.530824422836304,1,"{Timestamp_Dependency,Transaction_Ordering_Dependence_TOD}",{},{},{}
/home/shuo/repo/cgt/runtime/timestamp_dependency/t/53ef457d4d259f35da5f00f88dbf719f.rt.hex,53ef457d4d259f35da5f00f88dbf719f.rt.hex,oyente,runtime,2023/02/27,20240825_0521,1724563342.6710525,3.367274045944214,1,{Timestamp_Dependency},{},{},{}
/home/shuo/repo/cgt/runtime/timestamp_dependency/t/55c4d86143999bfd491a5e513b5650ec.rt.hex,55c4d86143999bfd491a5e513b5650ec.rt.hex,oyente,runtime,2023/02/27,20240825_0521,1724563340.3139405,13.26109790802002,1,{Transaction_Ordering_Dependence_TOD},{},{},{}
/home/shuo/repo/cgt/runtime/timestamp_dependency/t/56d5e2d40d6cf7388662650560ff9717.rt.hex,56d5e2d40d6cf7388662650560ff9717.rt.hex,oyente,runtime,2023/02/27,20240825_0521,1724563335.4078705,4.997174978256226,1,"{Timestamp_Dependency,Transaction_Ordering_Dependence_TOD}",{},{},{}
/home/shuo/repo/cgt/runtime/timestamp_dependency/t/57efe654edcf160dd7d2e8ce524ef955.rt.hex,57efe654edcf160dd7d2e8ce524ef955.rt.hex,oyente,runtime,2023/02/27,20240825_0521,1724563320.7961514,11.483439207077026,1,{Transaction_Ordering_Dependence_TOD},{},{},{}
/home/shuo/repo/cgt/runtime/timestamp_dependency/t/5874d6c8b66f15b361780cab186ead69.rt.hex,5874d6c8b66f15b361780cab186ead69.rt.hex,oyente,runtime,2023/02/27,20240825_0521,1724563350.0342762,10.305103063583374,0,{},{},{},{}
/home/shuo/repo/cgt/runtime/timestamp_dependency/t/5a4af8c656d3efc09e84526d1d10889d.rt.hex,5a4af8c656d3efc09e84526d1d10889d.rt.hex,oyente,runtime,2023/02/27,20240825_0521,1724563320.8978076,20.391438961029053,1,{Timestamp_Dependency},{},{},{}
/home/shuo/repo/cgt/runtime/timestamp_dependency/t/5bc6e48a10c5014793846a921a76fc8b.rt.hex,5bc6e48a10c5014793846a921a76fc8b.rt.hex,oyente,runtime,2023/02/27,20240825_0521,1724563353.5759246,15.339615106582642,1,"{Timestamp_Dependency,Transaction_Ordering_Dependence_TOD}",{},{},{}
/home/shuo/repo/cgt/runtime/timestamp_dependency/t/5edef782623ddbf8e5f50107f8102e93.rt.hex,5edef782623ddbf8e5f50107f8102e93.rt.hex,oyente,runtime,2023/02/27,20240825_0521,1724563320.866245,7.782283306121826,1,"{Timestamp_Dependency,Transaction_Ordering_Dependence_TOD}",{},{},{}
/home/shuo/repo/cgt/runtime/timestamp_dependency/t/5fd9b1e53428b5eae7a19deabe0e4aae.rt.hex,5fd9b1e53428b5eae7a19deabe0e4aae.rt.hex,oyente,runtime,2023/02/27,20240825_0521,1724563330.6182904,12.667107820510864,1,"{Timestamp_Dependency,Transaction_Ordering_Dependence_TOD}",{},{},{}
/home/shuo/repo/cgt/runtime/timestamp_dependency/t/6083fc37b38576c7d684245beaa61dea.rt.hex,6083fc37b38576c7d684245beaa61dea.rt.hex,oyente,runtime,2023/02/27,20240825_0521,1724563337.3213995,3.599010467529297,1,{Timestamp_Dependency},{},{},{}
/home/shuo/repo/cgt/runtime/timestamp_dependency/t/6368817340e94844e0c769fa0047c5cc.rt.hex,6368817340e94844e0c769fa0047c5cc.rt.hex,oyente,runtime,2023/02/27,20240825_0521,1724563338.6227524,67.62357354164124,0,{},{},{},{}
/home/shuo/repo/cgt/runtime/timestamp_dependency/t/64b0b0f6e4a0911c4566c07e2e0007c7.rt.hex,64b0b0f6e4a0911c4566c07e2e0007c7.rt.hex,oyente,runtime,2023/02/27,20240825_0521,1724563347.0067666,3.468745708465576,0,{},{},{},{}
/home/shuo/repo/cgt/runtime/timestamp_dependency/t/669b1f927775060349a4715116e49629.rt.hex,669b1f927775060349a4715116e49629.rt.hex,oyente,runtime,2023/02/27,20240825_0521,1724563320.8937407,11.100137710571289,1,"{Timestamp_Dependency,Transaction_Ordering_Dependence_TOD}",{},{},{}
/home/shuo/repo/cgt/runtime/timestamp_dependency/t/671c841fbde7926057d69cc0c9570f5b.rt.hex,671c841fbde7926057d69cc0c9570f5b.rt.hex,oyente,runtime,2023/02/27,20240825_0521,1724563340.6379914,20.13536310195923,0,{},{},{},{}
/home/shuo/repo/cgt/runtime/timestamp_dependency/t/683b923fc713b704f2363c8fbca3c5e1.rt.hex,683b923fc713b704f2363c8fbca3c5e1.rt.hex,oyente,runtime,2023/02/27,20240825_0521,1724563347.5386217,9.889437675476074,1,"{Timestamp_Dependency,Transaction_Ordering_Dependence_TOD}",{},{},{}
/home/shuo/repo/cgt/runtime/timestamp_dependency/t/68517405be37a302279848b7ff03342e.rt.hex,68517405be37a302279848b7ff03342e.rt.hex,oyente,runtime,2023/02/27,20240825_0521,1724563320.8918889,6.123002767562866,1,{Callstack_Depth_Attack_Vulnerability},{incomplete push instruction},{},{}
/home/shuo/repo/cgt/runtime/timestamp_dependency/t/69d7690dce028d40c901ff592ca19133.rt.hex,69d7690dce028d40c901ff592ca19133.rt.hex,oyente,runtime,2023/02/27,20240825_0521,1724563320.8847818,39.37350511550903,0,{},{},{},{}
/home/shuo/repo/cgt/runtime/timestamp_dependency/t/6b8f771bb57ff9e40fb2df4887733bea.rt.hex,6b8f771bb57ff9e40fb2df4887733bea.rt.hex,oyente,runtime,2023/02/27,20240825_0521,1724563332.2810597,19.327773332595825,1,{Timestamp_Dependency},{},{},{}
/home/shuo/repo/cgt/runtime/timestamp_dependency/t/70d901a017e05e44219bbd1ccd77764b.rt.hex,70d901a017e05e44219bbd1ccd77764b.rt.hex,oyente,runtime,2023/02/27,20240825_0521,1724563320.5340219,20.27241611480713,1,"{Timestamp_Dependency,Transaction_Ordering_Dependence_TOD}",{},{},{}
/home/shuo/repo/cgt/runtime/timestamp_dependency/t/75d74ec3b4d87178d02cf9718d57e8db.rt.hex,75d74ec3b4d87178d02cf9718d57e8db.rt.hex,oyente,runtime,2023/02/27,20240825_0521,1724563350.6192296,53.48237657546997,1,"{Timestamp_Dependency,Transaction_Ordering_Dependence_TOD}",{},{},{}
/home/shuo/repo/cgt/runtime/timestamp_dependency/t/76ad5920b5c6d23a865dc06382d6b4a8.rt.hex,76ad5920b5c6d23a865dc06382d6b4a8.rt.hex,oyente,runtime,2023/02/27,20240825_0521,1724563353.0527995,8.414367914199829,1,"{Timestamp_Dependency,Transaction_Ordering_Dependence_TOD}",{},{},{}
/home/shuo/repo/cgt/runtime/timestamp_dependency/t/77d6978eef7ed3f43947edc1db530595.rt.hex,77d6978eef7ed3f43947edc1db530595.rt.hex,oyente,runtime,2023/02/27,20240825_0521,1724563320.881835,40.88482046127319,1,"{Timestamp_Dependency,Transaction_Ordering_Dependence_TOD}",{},{},{}
/home/shuo/repo/cgt/runtime/timestamp_dependency/t/791a8e6168aa23c62d2926283d1c46f8.rt.hex,791a8e6168aa23c62d2926283d1c46f8.rt.hex,oyente,runtime,2023/02/27,20240825_0521,1724563320.7668443,9.176819086074829,1,"{Timestamp_Dependency,Transaction_Ordering_Dependence_TOD}",{},{},{}
/home/shuo/repo/cgt/runtime/timestamp_dependency/t/7ad5f076cbb2257a4bc5862f901ad190.rt.hex,7ad5f076cbb2257a4bc5862f901ad190.rt.hex,oyente,runtime,2023/02/27,20240825_0521,1724563320.8642895,27.895167350769043,1,"{Timestamp_Dependency,Transaction_Ordering_Dependence_TOD}",{},{},{}
/home/shuo/repo/cgt/runtime/timestamp_dependency/t/7b1bfd27bcb0e492b5ec8d2697862976.rt.hex,7b1bfd27bcb0e492b5ec8d2697862976.rt.hex,oyente,runtime,2023/02/27,20240825_0521,1724563323.6866689,9.92531943321228,1,"{Timestamp_Dependency,Transaction_Ordering_Dependence_TOD}",{},{},{}
/home/shuo/repo/cgt/runtime/timestamp_dependency/t/7cc03616becb8001cbd5b396564dc4d5.rt.hex,7cc03616becb8001cbd5b396564dc4d5.rt.hex,oyente,runtime,2023/02/27,20240825_0521,1724563333.2438686,18.26618528366089,1,"{Timestamp_Dependency,Transaction_Ordering_Dependence_TOD}",{},{},{}
/home/shuo/repo/cgt/runtime/timestamp_dependency/t/80f338a63ed5d4cfe0c74747ef0af527.rt.hex,80f338a63ed5d4cfe0c74747ef0af527.rt.hex,oyente,runtime,2023/02/27,20240825_0521,1724563320.8897903,40.4768168926239,0,{},{},{},{}
/home/shuo/repo/cgt/runtime/timestamp_dependency/t/895f403772ec7a45836f1b863040f531.rt.hex,895f403772ec7a45836f1b863040f531.rt.hex,oyente,runtime,2023/02/27,20240825_0521,1724563337.070509,7.913220167160034,1,"{Timestamp_Dependency,Transaction_Ordering_Dependence_TOD}",{},{},{}
/home/shuo/repo/cgt/runtime/timestamp_dependency/t/8b64b9d9c7a59033d39d01ac61b27c11.rt.hex,8b64b9d9c7a59033d39d01ac61b27c11.rt.hex,oyente,runtime,2023/02/27,20240825_0521,1724563320.8846517,16.436060428619385,0,{},{},{},{}
/home/shuo/repo/cgt/runtime/timestamp_dependency/t/8c5b7935bd2e0ebd3a38a490afa9c85b.rt.hex,8c5b7935bd2e0ebd3a38a490afa9c85b.rt.hex,oyente,runtime,2023/02/27,20240825_0521,1724563320.8588817,36.4431471824646,1,"{Timestamp_Dependency,Transaction_Ordering_Dependence_TOD}",{},{},{}
/home/shuo/repo/cgt/runtime/timestamp_dependency/t/8d4b8126308ef2a0a6184fe6cc662109.rt.hex,8d4b8126308ef2a0a6184fe6cc662109.rt.hex,oyente,runtime,2023/02/27,20240825_0521,1724563353.1841266,34.102346658706665,1,"{Timestamp_Dependency,Transaction_Ordering_Dependence_TOD}",{},{},{}
/home/shuo/repo/cgt/runtime/timestamp_dependency/t/92010254204429b83f305fd3f21c40ed.rt.hex,92010254204429b83f305fd3f21c40ed.rt.hex,oyente,runtime,2023/02/27,20240825_0521,1724563320.8917892,7.859423637390137,1,{Timestamp_Dependency},{},{},{}
/home/shuo/repo/cgt/runtime/timestamp_dependency/t/942ecd1e7549efafcf042bb24bc858ac.rt.hex,942ecd1e7549efafcf042bb24bc858ac.rt.hex,oyente,runtime,2023/02/27,20240825_0521,1724563320.8903456,9.834987163543701,0,{},{},{},{}
/home/shuo/repo/cgt/runtime/timestamp_dependency/t/968f4ebfd37315991ffe49cace64a806.rt.hex,968f4ebfd37315991ffe49cace64a806.rt.hex,oyente,runtime,2023/02/27,20240825_0521,1724563338.714192,19.36149263381958,1,"{Timestamp_Dependency,Transaction_Ordering_Dependence_TOD}",{},{},{}
/home/shuo/repo/cgt/runtime/timestamp_dependency/t/97aa6505d9439534bf9157112d023d64.rt.hex,97aa6505d9439534bf9157112d023d64.rt.hex,oyente,runtime,2023/02/27,20240825_0521,1724563320.8908188,12.351829767227173,1,"{Timestamp_Dependency,Transaction_Ordering_Dependence_TOD}",{},{},{}
/home/shuo/repo/cgt/runtime/timestamp_dependency/t/9a31f71b475fff7fdccd61dd70097d5a.rt.hex,9a31f71b475fff7fdccd61dd70097d5a.rt.hex,oyente,runtime,2023/02/27,20240825_0521,1724563320.8962908,11.519224882125854,0,{},{},{},{}
/home/shuo/repo/cgt/runtime/timestamp_dependency/t/9bbc3cf4b7d0745b56f56605eafe8b0b.rt.hex,9bbc3cf4b7d0745b56f56605eafe8b0b.rt.hex,oyente,runtime,2023/02/27,20240825_0521,1724563319.820832,1.9011387825012207,0,{},{incomplete push instruction},{},{}
/home/shuo/repo/cgt/runtime/timestamp_dependency/t/9f37ddb3b5978483795f3bf2b6f0dc6f.rt.hex,9f37ddb3b5978483795f3bf2b6f0dc6f.rt.hex,oyente,runtime,2023/02/27,20240825_0521,1724563351.5108933,3.539703607559204,0,{},{},{},{}
/home/shuo/repo/cgt/runtime/timestamp_dependency/t/a3d8f77d0a519ad829cfc1c415131c70.rt.hex,a3d8f77d0a519ad829cfc1c415131c70.rt.hex,oyente,runtime,2023/02/27,20240825_0521,1724563340.9212372,50.05034780502319,1,{Timestamp_Dependency},{},{},{}
/home/shuo/repo/cgt/runtime/timestamp_dependency/t/a3f4b3f58fcf00010951076fd1925f99.rt.hex,a3f4b3f58fcf00010951076fd1925f99.rt.hex,oyente,runtime,2023/02/27,20240825_0521,1724563329.9463005,40.02204132080078,1,{Timestamp_Dependency},{},{},{}
/home/shuo/repo/cgt/runtime/timestamp_dependency/t/a6be043b7c1201e43ec59f354a75c71c.rt.hex,a6be043b7c1201e43ec59f354a75c71c.rt.hex,oyente,runtime,2023/02/27,20240825_0521,1724563334.3883348,4.325103521347046,1,{Timestamp_Dependency},{},{},{}
/home/shuo/repo/cgt/runtime/timestamp_dependency/t/a920a4e72ae266164d68c27c2d172e9a.rt.hex,a920a4e72ae266164d68c27c2d172e9a.rt.hex,oyente,runtime,2023/02/27,20240825_0521,1724563335.5160449,3.8282947540283203,1,{Timestamp_Dependency},{},{},{}
/home/shuo/repo/cgt/runtime/timestamp_dependency/t/a96c8c2eb65519dc56b2d478189b27a3.rt.hex,a96c8c2eb65519dc56b2d478189b27a3.rt.hex,oyente,runtime,2023/02/27,20240825_0521,1724563320.8113363,33.511719703674316,1,{Timestamp_Dependency},{},{},{}
/home/shuo/repo/cgt/runtime/timestamp_dependency/t/ac26700143dfda496e54640da25dde32.rt.hex,ac26700143dfda496e54640da25dde32.rt.hex,oyente,runtime,2023/02/27,20240825_0521,1724563339.345109,27.240338802337646,1,{Timestamp_Dependency},{},{},{}
/home/shuo/repo/cgt/runtime/timestamp_dependency/t/b637e922637da5ddcf45b5bd5610120f.rt.hex,b637e922637da5ddcf45b5bd5610120f.rt.hex,oyente,runtime,2023/02/27,20240825_0521,1724563350.7911792,61.32900285720825,1,{Timestamp_Dependency},{},{},{}
/home/shuo/repo/cgt/runtime/timestamp_dependency/t/ba42f5d0d6721fea534f5fa2f3bbad60.rt.hex,ba42f5d0d6721fea534f5fa2f3bbad60.rt.hex,oyente,runtime,2023/02/27,20240825_0521,1724563346.2847705,57.11523079872131,1,{Timestamp_Dependency},{},{},{}
/home/shuo/repo/cgt/runtime/timestamp_dependency/t/ba7f199fa2ae0d22b5258dc275225a93.rt.hex,ba7f199fa2ae0d22b5258dc275225a93.rt.hex,oyente,runtime,2023/02/27,20240825_0521,1724563341.0769458,9.174103736877441,1,"{Timestamp_Dependency,Transaction_Ordering_Dependence_TOD}",{},{},{}
/home/shuo/repo/cgt/runtime/timestamp_dependency/t/bb4bee2596decc88237f3555c6b6035f.rt.hex,bb4bee2596decc88237f3555c6b6035f.rt.hex,oyente,runtime,2023/02/27,20240825_0521,1724563327.5052323,7.014189958572388,1,"{Timestamp_Dependency,Transaction_Ordering_Dependence_TOD}",{},{},{}
/home/shuo/repo/cgt/runtime/timestamp_dependency/t/c28aefa71dac78ed0dd3a95bc00f7617.rt.hex,c28aefa71dac78ed0dd3a95bc00f7617.rt.hex,oyente,runtime,2023/02/27,20240825_0521,1724563332.8343365,17.19931936264038,1,"{Timestamp_Dependency,Transaction_Ordering_Dependence_TOD}",{},{},{}
/home/shuo/repo/cgt/runtime/timestamp_dependency/t/c6374300b746dbedb72d5e6ccfbc0751.rt.hex,c6374300b746dbedb72d5e6ccfbc0751.rt.hex,oyente,runtime,2023/02/27,20240825_0521,1724563332.4166229,12.67560601234436,1,{Timestamp_Dependency},{},{},{}
/home/shuo/repo/cgt/runtime/timestamp_dependency/t/c6afbf7bb0a617ad764affc4b5d84e89.rt.hex,c6afbf7bb0a617ad764affc4b5d84e89.rt.hex,oyente,runtime,2023/02/27,20240825_0521,1724563328.5401897,5.847332954406738,0,{},{},{},{}
/home/shuo/repo/cgt/runtime/timestamp_dependency/t/c747b268028ca004dd0e94e2195e009d.rt.hex,c747b268028ca004dd0e94e2195e009d.rt.hex,oyente,runtime,2023/02/27,20240825_0521,1724563327.0157726,26.16759204864502,1,"{Timestamp_Dependency,Transaction_Ordering_Dependence_TOD}",{},{},{}
/home/shuo/repo/cgt/runtime/timestamp_dependency/t/c79b52b3e1b4d1e39ddf881ef508e357.rt.hex,c79b52b3e1b4d1e39ddf881ef508e357.rt.hex,oyente,runtime,2023/02/27,20240825_0521,1724563320.8844073,6.972181797027588,1,{Timestamp_Dependency},{},{},{}
/home/shuo/repo/cgt/runtime/timestamp_dependency/t/c8a2e8a7413598a46b07487e6ab3b0d9.rt.hex,c8a2e8a7413598a46b07487e6ab3b0d9.rt.hex,oyente,runtime,2023/02/27,20240825_0521,1724563320.83562,60.63370633125305,1,{Timestamp_Dependency},{},{},{}
/home/shuo/repo/cgt/runtime/timestamp_dependency/t/caca7f1a69060879158353a8afc31e55.rt.hex,caca7f1a69060879158353a8afc31e55.rt.hex,oyente,runtime,2023/02/27,20240825_0521,1724563327.8575265,22.83092212677002,0,{},{},{},{}
/home/shuo/repo/cgt/runtime/timestamp_dependency/t/caf019a2f3552e7954866d922f6b61cf.rt.hex,caf019a2f3552e7954866d922f6b61cf.rt.hex,oyente,runtime,2023/02/27,20240825_0521,1724563328.8746207,8.194803237915039,1,{Timestamp_Dependency},{},{},{}
/home/shuo/repo/cgt/runtime/timestamp_dependency/t/cb01aee3eea190c0ddaa47d632ad360a.rt.hex,cb01aee3eea190c0ddaa47d632ad360a.rt.hex,oyente,runtime,2023/02/27,20240825_0521,1724563344.9843788,26.147033214569092,1,"{Timestamp_Dependency,Transaction_Ordering_Dependence_TOD}",{},{},{}
/home/shuo/repo/cgt/runtime/timestamp_dependency/t/ce2d0369ae77dafea55f13b07199857b.rt.hex,ce2d0369ae77dafea55f13b07199857b.rt.hex,oyente,runtime,2023/02/27,20240825_0521,1724563346.039698,8.496624231338501,0,{},{},{},{}
/home/shuo/repo/cgt/runtime/timestamp_dependency/t/cff377a7fbb8b206496d78c1baab18bd.rt.hex,cff377a7fbb8b206496d78c1baab18bd.rt.hex,oyente,runtime,2023/02/27,20240825_0521,1724563345.9288251,9.024821281433105,1,{Timestamp_Dependency},{},{},{}
/home/shuo/repo/cgt/runtime/timestamp_dependency/t/d1fe340d86d26b8a5dfe65181e4dad74.rt.hex,d1fe340d86d26b8a5dfe65181e4dad74.rt.hex,oyente,runtime,2023/02/27,20240825_0521,1724563333.7110908,54.31075358390808,0,{},{},{},{}
/home/shuo/repo/cgt/runtime/timestamp_dependency/t/d42423a6b2627135b8fa18c0618c1d7f.rt.hex,d42423a6b2627135b8fa18c0618c1d7f.rt.hex,oyente,runtime,2023/02/27,20240825_0521,1724563320.851306,14.663892030715942,1,{Timestamp_Dependency},{},{},{}
/home/shuo/repo/cgt/runtime/timestamp_dependency/t/dbfa1a1deca83b4959f37c3cdd8f44a8.rt.hex,dbfa1a1deca83b4959f37c3cdd8f44a8.rt.hex,oyente,runtime,2023/02/27,20240825_0521,1724563321.723065,20.947388887405396,0,{},{},{},{}
/home/shuo/repo/cgt/runtime/timestamp_dependency/t/de1f706acb8d7b1f87ad1e2366dd0c67.rt.hex,de1f706acb8d7b1f87ad1e2366dd0c67.rt.hex,oyente,runtime,2023/02/27,20240825_0521,1724563320.8969557,91.63354158401489,1,"{Timestamp_Dependency,Transaction_Ordering_Dependence_TOD}",{},{},{}
/home/shuo/repo/cgt/runtime/timestamp_dependency/t/de40c5c64c57ef8b5cdad6a02e6bc8e7.rt.hex,de40c5c64c57ef8b5cdad6a02e6bc8e7.rt.hex,oyente,runtime,2023/02/27,20240825_0521,1724563320.8897035,53.64334321022034,1,{Timestamp_Dependency},{},{},{}
/home/shuo/repo/cgt/runtime/timestamp_dependency/t/e36bdda95467bd00deec5f3d0e85912a.rt.hex,e36bdda95467bd00deec5f3d0e85912a.rt.hex,oyente,runtime,2023/02/27,20240825_0521,1724563319.8085222,52.514119148254395,1,"{Timestamp_Dependency,Transaction_Ordering_Dependence_TOD}",{},{},{}
/home/shuo/repo/cgt/runtime/timestamp_dependency/t/e3c4dc44245648e5b1bff7f7f97b6c50.rt.hex,e3c4dc44245648e5b1bff7f7f97b6c50.rt.hex,oyente,runtime,2023/02/27,20240825_0521,1724563345.1941693,2.3435535430908203,1,"{Timestamp_Dependency,Transaction_Ordering_Dependence_TOD}",{},{},{}
/home/shuo/repo/cgt/runtime/timestamp_dependency/t/e5c31dba911c3be1458456d56202282e.rt.hex,e5c31dba911c3be1458456d56202282e.rt.hex,oyente,runtime,2023/02/27,20240825_0521,1724563320.890741,14.7417893409729,1,"{Timestamp_Dependency,Transaction_Ordering_Dependence_TOD}",{},{},{}
/home/shuo/repo/cgt/runtime/timestamp_dependency/t/e710a1041268838409c7c0392b960108.rt.hex,e710a1041268838409c7c0392b960108.rt.hex,oyente,runtime,2023/02/27,20240825_0521,1724563320.8876145,35.92639231681824,1,{Timestamp_Dependency},{},{},{}
/home/shuo/repo/cgt/runtime/timestamp_dependency/t/e87c5dd4824a05aca1aa545eff300cf2.rt.hex,e87c5dd4824a05aca1aa545eff300cf2.rt.hex,oyente,runtime,2023/02/27,20240825_0521,1724563341.5522254,11.499704599380493,1,"{Timestamp_Dependency,Transaction_Ordering_Dependence_TOD}",{},{},{}
/home/shuo/repo/cgt/runtime/timestamp_dependency/t/ebb5d84461683f482fc593f0b99ad72f.rt.hex,ebb5d84461683f482fc593f0b99ad72f.rt.hex,oyente,runtime,2023/02/27,20240825_0521,1724563331.7741144,9.368389129638672,1,"{Timestamp_Dependency,Transaction_Ordering_Dependence_TOD}",{},{},{}
/home/shuo/repo/cgt/runtime/timestamp_dependency/t/ec790937839726f3b924d8c7736507e2.rt.hex,ec790937839726f3b924d8c7736507e2.rt.hex,oyente,runtime,2023/02/27,20240825_0521,1724563320.8752234,35.58679962158203,1,"{Timestamp_Dependency,Transaction_Ordering_Dependence_TOD}",{},{},{}
/home/shuo/repo/cgt/runtime/timestamp_dependency/t/f1327ee876a5af82f25b7ae2825d3c13.rt.hex,f1327ee876a5af82f25b7ae2825d3c13.rt.hex,oyente,runtime,2023/02/27,20240825_0521,1724563349.8176622,3.9652349948883057,1,{Timestamp_Dependency},{},{},{}
/home/shuo/repo/cgt/runtime/timestamp_dependency/t/fe284aa406ddd0584dcf75600098538c.rt.hex,fe284aa406ddd0584dcf75600098538c.rt.hex,oyente,runtime,2023/02/27,20240825_0521,1724563340.807365,47.9973304271698,0,{},{incomplete push instruction},{},{}
/home/shuo/repo/cgt/runtime/timestamp_dependency/t/fe606782efc84cf86622e3c80dfb7b2c.rt.hex,fe606782efc84cf86622e3c80dfb7b2c.rt.hex,oyente,runtime,2023/02/27,20240825_0521,1724563343.178279,7.440235137939453,1,{Timestamp_Dependency},{},{},{}
